,PnL,,Cumulative PnL
0,0,,
1,0,,
2,0,,
3,0,,
4,0,,
5,0,,
6,0,,
7,0,,
8,0,,
9,0,,
10,0,,
11,0,,
12,228.2170372,1,228.2170372
13,-331.513112,2,-103.2960748
14,143.3650684,3,40.06899355
15,164.7136331,4,204.7826267
16,409.7964347,5,614.5790614
17,-246.5378491,6,368.0412123
18,320.0864202,7,688.1276325
19,-716.654379,8,-28.52674643
20,-233.6813496,9,-262.2080961
21,61.62490364,10,-200.5831924
22,236.5129392,11,35.92974682
23,207.6281091,12,243.5578559
24,287.9027278,13,531.4605837
25,125.1584971,14,656.6190808
26,-126.5449337,15,530.074147
27,-18.69862668,16,511.3755204
28,183.4939682,17,694.8694885
29,-488.6041034,18,206.2653851
30,-32.73984733,19,173.5255378
31,188.0260603,20,361.551598
32,2.999504713,21,364.5511027
33,-122.7296241,22,241.8214787
34,-363.4393051,23,-121.6178264
35,29.73793929,24,-91.87988716
36,-41.00998769,25,-132.8898748
37,-581.0536226,26,-713.9434975
38,-568.2684764,27,-1282.211974
39,41.79713252,28,-1240.414841
40,438.3265364,29,-802.088305
41,-146.4484189,30,-948.5367238
42,-278.4090845,31,-1226.945808
43,89.23092832,32,-1137.71488
44,-26.77336742,33,-1164.488247
45,-357.5427549,34,-1522.031002
46,276.3008006,35,-1245.730202
47,36.74345575,36,-1208.986746
48,-750.7517638,37,-1959.73851
49,-374.7280496,38,-2334.466559
50,-56.33456696,39,-2390.801126
51,190.9898293,40,-2199.811297
52,248.9725969,41,-1950.8387
53,-5.294237482,42,-1956.132938
54,-60.00131613,43,-2016.134254
55,261.7927303,44,-1754.341523
56,-198.8351239,45,-1953.176647
57,-182.9723155,46,-2136.148963
58,21.20965958,47,-2114.939303
59,15.33613686,48,-2099.603166
60,-46.96969485,49,-2146.572861
61,-77.92639272,50,-2224.499254
62,155.4518475,51,-2069.047407
63,146.5338359,52,-1922.513571
64,-128.3160663,53,-2050.829637
65,-155.5822622,54,-2206.411899
66,40.34719751,55,-2166.064702
67,-40.57782282,56,-2206.642525
68,-220.4956268,57,-2427.138151
69,11.43700683,58,-2415.701145
70,144.912005,59,-2270.789139
71,-190.3706685,60,-2461.159808
72,31.70433323,61,-2429.455475
73,-99.26597043,62,-2528.721445
74,-77.45910786,63,-2606.180553
75,-3.143513697,64,-2609.324067
76,-102.5383607,65,-2711.862427
77,221.6401536,66,-2490.222274
78,104.7294048,67,-2385.492869
79,-95.70250224,68,-2481.195371
80,98.70290251,69,-2382.492469
81,341.7237771,70,-2040.768692
82,-390.7945042,71,-2431.563196
83,81.9050665,72,-2349.658129
84,107.7661496,73,-2241.89198
85,-1267.710598,74,-3509.602578
86,590.0121306,75,-2919.590447
87,168.2510217,76,-2751.339426
88,-645.5307911,77,-3396.870217
89,56.81445919,78,-3340.055757
90,-282.4158279,79,-3622.471585
91,214.1935859,80,-3408.277999
92,856.8999391,81,-2551.37806
93,280.9272141,82,-2270.450846
94,317.5650851,83,-1952.885761
95,277.8223369,84,-1675.063424
96,366.7017431,85,-1308.361681
97,-86.67160627,86,-1395.033287
98,320.0610179,87,-1074.97227
99,-107.1427924,88,-1182.115062
100,24.64754592,89,-1157.467516
101,117.5558549,90,-1039.911661
102,-275.1675497,91,-1315.079211
103,-399.9421568,92,-1715.021368
104,-245.18657,93,-1960.207938
105,-157.6952942,94,-2117.903232
106,9.68002655,95,-2108.223205
107,-140.6677849,96,-2248.89099
108,186.8056222,97,-2062.085368
109,531.4615027,98,-1530.623865
110,70.05034869,99,-1460.573517
111,-156.5685707,100,-1617.142087
112,-44.48369469,101,-1661.625782
113,20.57682589,102,-1641.048956
114,-139.82276,103,-1780.871716
115,107.5009504,104,-1673.370766
116,-34.80028779,105,-1708.171054
117,-361.5092337,106,-2069.680287
118,-162.532136,107,-2232.212423
119,-261.7464396,108,-2493.958863
120,282.5818784,109,-2211.376984
121,697.5034379,110,-1513.873546
122,-527.2032833,111,-2041.07683
123,-13.29650451,112,-2054.373334
124,277.0238973,113,-1777.349437
125,48.30347424,114,-1729.045963
126,-4.889807361,115,-1733.93577
127,-681.5747605,116,-2415.510531
128,-9.145395157,117,-2424.655926
129,-242.82624,118,-2667.482166
130,19.19685642,119,-2648.285309
131,-834.9137122,120,-3483.199022
132,9.431191185,121,-3473.76783
133,12.6194934,122,-3461.148337
134,-32.85522343,123,-3494.00356
135,51.2452896,124,-3442.758271
136,433.6509031,125,-3009.107368
137,-220.2539208,126,-3229.361288
138,1300.906735,127,-1928.454554
139,142.0430878,128,-1786.411466
140,93.78644145,129,-1692.625024
141,194.9452672,130,-1497.679757
142,-476.9392793,131,-1974.619036
143,-270.5734181,132,-2245.192454
144,-271.2273193,133,-2516.419774
145,-71.08156121,134,-2587.501335
146,331.1015212,135,-2256.399814
147,-101.4096239,136,-2357.809438
148,-275.1801547,137,-2632.989592
149,466.5521164,138,-2166.437476
150,392.9878272,139,-1773.449649
151,-89.77106917,140,-1863.220718
152,-154.9248149,141,-2018.145533
153,-178.9574514,142,-2197.102984
154,533.8864854,143,-1663.216499
155,43.73632062,144,-1619.480178
156,77.58219191,145,-1541.897986
157,433.0924225,146,-1108.805564
158,-90.55325712,147,-1199.358821
159,-128.9305746,148,-1328.289395
160,-232.7859735,149,-1561.075369
161,120.3809256,150,-1440.694443
162,523.8675496,151,-916.8268938
163,627.6157274,152,-289.2111664
164,324.3481167,153,35.13695023
165,757.4839307,154,792.6208809
166,-188.4140193,155,604.2068616
167,348.7204597,156,952.9273213
168,172.7659797,157,1125.693301
169,-3.671636653,158,1122.021664
170,-140.582117,159,981.4395473
171,-31.69723566,160,949.7423117
172,257.9232852,161,1207.665597
173,28.11330766,162,1235.778905
174,-156.701372,163,1079.077533
175,15.92851497,164,1095.006048
176,51.31108165,165,1146.317129
177,-29.01629262,166,1117.300837
178,23.90795619,167,1141.208793
179,-140.8021011,168,1000.406692
180,208.634714,169,1209.041406
181,-44.33300871,170,1164.708397
182,-65.88582332,171,1098.822574
183,86.28264561,172,1185.105219
184,-100.5786363,173,1084.526583
185,360.4032335,174,1444.929816
186,-181.4597368,175,1263.47008
187,-9.08243806,176,1254.387642
188,308.9252459,177,1563.312887
189,391.7232939,178,1955.036181
190,-4.990463891,179,1950.045717
191,189.3458809,180,2139.391598
192,-96.04533148,181,2043.346267
193,234.9258185,182,2278.272085
194,-18.67335197,183,2259.598733
195,246.4470617,184,2506.045795
196,-38.889718,185,2467.156077
197,107.1538607,186,2574.309938
198,68.33619454,187,2642.646132
199,-147.0406177,188,2495.605515
200,-526.6663516,189,1968.939163
201,616.5860419,190,2585.525205
202,-70.41797678,191,2515.107228
203,197.5627437,192,2712.669972
204,759.9757704,193,3472.645742
205,-108.5675806,194,3364.078162
206,-10.99042261,195,3353.087739
207,215.5268137,196,3568.614553
208,-148.305701,197,3420.308852
209,-79.54255408,198,3340.766298
210,126.4135481,199,3467.179846
211,-182.3609113,200,3284.818934
212,210.6683831,201,3495.487318
213,-18.38668454,202,3477.100633
214,-710.1241573,203,2766.976476
215,110.0200588,204,2876.996535
216,47.9402138,205,2924.936748
217,793.4172438,206,3718.353992
218,-82.38849293,207,3635.965499
219,-152.5282447,208,3483.437255
220,-865.0954109,209,2618.341844
221,418.4630496,210,3036.804893
222,-699.6443453,211,2337.160548
223,518.1708123,212,2855.33136
224,77.68420166,213,2933.015562
225,304.9510156,214,3237.966578
226,48.44092714,215,3286.407505
227,5.947363777,216,3292.354868
228,41.45168808,217,3333.806557
229,-637.0524424,218,2696.754114
230,-39.25355863,219,2657.500555
231,-79.64679398,220,2577.853761
232,99.66679504,221,2677.520557
233,246.9842649,222,2924.504821
234,76.94233089,223,3001.447152
235,-10.632047,224,2990.815105
236,-112.8786319,225,2877.936473
237,746.4483903,226,3624.384864
238,-167.4852775,227,3456.899586
239,131.8248598,228,3588.724446
240,-238.7312382,229,3349.993208
241,-69.79604545,230,3280.197162
242,221.3173223,231,3501.514485
243,-2.209482977,232,3499.305002
244,526.9884786,233,4026.29348
245,-172.5777359,234,3853.715744
246,88.79272239,235,3942.508467
247,38.88265252,236,3981.391119
248,-91.6550765,237,3889.736043
249,314.3490242,238,4204.085067
250,64.97166263,239,4269.056729
251,343.6015518,240,4612.658281
252,-64.58761292,241,4548.070668
253,126.3782449,242,4674.448913
254,-273.5039207,243,4400.944993
255,-299.2489525,244,4101.69604
256,142.2728322,245,4243.968872
257,-142.6770453,246,4101.291827
258,181.9182463,247,4283.210073
259,374.0225535,248,4657.232627
260,532.1852581,249,5189.417885
261,-340.168342,250,4849.249543
262,-237.8446836,251,4611.404859
263,302.5522504,252,4913.95711
264,347.3385769,253,5261.295687
265,7.492655855,254,5268.788342
266,-169.0017865,255,5099.786556
267,345.709579,256,5445.496135
268,-358.9501534,257,5086.545982
269,275.4764584,258,5362.02244
270,-121.3694297,259,5240.65301
271,-37.4820064,260,5203.171004
272,247.9315035,261,5451.102507
273,304.3208284,262,5755.423336
274,236.2724403,263,5991.695776
275,272.9885635,264,6264.68434
276,-224.3342075,265,6040.350132
277,254.3197353,266,6294.669867
278,88.79388184,267,6383.463749
279,174.4774273,268,6557.941176
280,143.4315949,269,6701.372771
281,-188.580067,270,6512.792704
282,23.73077914,271,6536.523483
283,-183.998223,272,6352.52526
284,-281.6771055,273,6070.848155
285,371.6413127,274,6442.489468
286,248.6111272,275,6691.100595
287,-671.7722665,276,6019.328328
288,192.5510042,277,6211.879333
289,-301.9235022,278,5909.95583
290,-224.5783899,279,5685.37744
291,225.8805982,280,5911.258039
292,-400.6837488,281,5510.57429
293,274.4884196,282,5785.062709
294,-241.5273672,283,5543.535342
295,645.3558546,284,6188.891197
296,551.0388332,285,6739.93003
297,1161.220263,286,7901.150293
298,255.002998,287,8156.153291
299,148.8980926,288,8305.051383
300,84.98646698,289,8390.03785
301,73.38136286,290,8463.419213
302,-99.26759341,291,8364.15162
303,299.6613314,292,8663.812951
304,110.1727585,293,8773.98571
305,1313.364962,294,10087.35067
306,-64.23427958,295,10023.11639
307,-237.9272444,296,9785.189147
308,31.04545069,297,9816.234598
309,47.32925227,298,9863.56385
310,-146.5044003,299,9717.05945
311,195.9781532,300,9913.037603
312,-53.02244576,301,9860.015158
313,-28.04925573,302,9831.965902
314,-245.2279656,303,9586.737936
315,-124.8120779,304,9461.925858
316,-67.45167601,305,9394.474182
317,-64.19109686,306,9330.283085
318,365.0371198,307,9695.320205
319,126.0099047,308,9821.33011
320,68.0173238,309,9889.347434
321,-166.177244,310,9723.17019
322,96.34575626,311,9819.515946
323,-26.4845361,312,9793.03141
324,20.27084347,313,9813.302253
325,822.8223478,314,10636.1246
326,436.9318002,315,11073.0564
327,-2.53181521,316,11070.52459
328,-132.7024861,317,10937.8221
329,-140.4639046,318,10797.3582
330,325.8517952,319,11123.20999
331,30.59596959,320,11153.80596
332,-135.8180778,321,11017.98788
333,77.18184994,322,11095.16973
334,-200.4777148,323,10894.69202
335,120.1752609,324,11014.86728
336,20.68646883,325,11035.55375
337,-255.4954112,326,10780.05834
338,64.7051934,327,10844.76353
339,2.077330514,328,10846.84086
340,144.4119638,329,10991.25282
341,-172.1076853,330,10819.14514
342,11.49887752,331,10830.64402
343,-162.4360539,332,10668.20796
344,-8.979918415,333,10659.22804
345,-162.1151809,334,10497.11286
346,708.0710616,335,11205.18392
347,95.58735452,336,11300.77128
348,35.38185276,337,11336.15313
349,103.4657409,338,11439.61887
350,99.02730738,339,11538.64618
351,641.448598,340,12180.09478
352,-106.3064647,341,12073.78831
353,21.67024437,342,12095.45856
354,-1037.626424,343,11057.83213
355,-236.7489604,344,10821.08317
356,-108.2995368,345,10712.78364
357,905.4585573,346,11618.24219
358,313.9835258,347,11932.22572
359,-256.3527374,348,11675.87298
360,165.7238541,349,11841.59684
361,-1406.455795,350,10435.14104
362,183.0803909,351,10618.22143
363,312.7743953,352,10930.99583
364,352.0563211,353,11283.05215
365,-4.179041272,354,11278.87311
366,116.8692028,355,11395.74231
367,-93.37828741,356,11302.36402
368,2263.554291,357,13565.91831
369,147.7160171,358,13713.63433
370,11.20823369,359,13724.84256
371,47.92748593,360,13772.77005
372,-66.87092142,361,13705.89913
373,893.7831401,362,14599.68227
374,-334.2118384,363,14265.47043
375,210.6726471,364,14476.14308
376,-77.52627622,365,14398.6168
377,482.2729318,366,14880.88973
378,798.7180751,367,15679.60781
379,944.7844423,368,16624.39225
380,12.49955128,369,16636.8918
381,82.31038983,370,16719.20219
382,-511.40109,371,16207.8011
383,-187.7694584,372,16020.03164
384,-272.901989,373,15747.12965
385,21.61431843,374,15768.74397
386,-503.8870298,375,15264.85694
387,-116.4699621,376,15148.38698
388,-93.41244673,377,15054.97453
389,-189.3380288,378,14865.63651
390,520.266055,379,15385.90256
391,265.3017696,380,15651.20433
392,62.91438558,381,15714.11872
393,2.868645303,382,15716.98736
394,-245.2317564,383,15471.7556
395,62.62665219,384,15534.38226
396,19.73491385,385,15554.11717
397,-80.26813921,386,15473.84903
398,273.3989961,387,15747.24803
399,-56.24826183,388,15690.99977
400,239.2049211,389,15930.20469
401,81.43075845,390,16011.63545
402,-357.1998688,391,15654.43558
403,275.1278915,392,15929.56347
404,-51.24101232,393,15878.32246
405,-1156.899501,394,14721.42296
406,-488.0284964,395,14233.39446
407,-709.4944453,396,13523.90001
408,1010.301233,397,14534.20125
409,170.6950294,398,14704.89628
410,1871.111154,399,16576.00743
411,231.1534445,400,16807.16087
412,455.3469011,401,17262.50778
413,782.8476595,402,18045.35543
414,123.4184771,403,18168.77391
415,511.466033,404,18680.23994
416,-61.94917927,405,18618.29077
417,-623.03393,406,17995.25684
418,-409.617596,407,17585.63924
419,-110.2908774,408,17475.34836
420,-93.67690947,409,17381.67145
421,451.8838723,410,17833.55532
422,238.3126195,411,18071.86794
423,-458.6902886,412,17613.17766
424,584.0102339,413,18197.18789
425,294.2448489,414,18491.43274
426,-352.3503291,415,18139.08241
427,-343.2737412,416,17795.80867
428,307.3849766,417,18103.19364
429,-281.3469149,418,17821.84673
430,-220.761666,419,17601.08506
431,569.1435377,420,18170.2286
432,-39.36316129,421,18130.86544
433,445.6115102,422,18576.47695
434,-504.1584521,423,18072.3185
435,24.80087808,424,18097.11938
436,643.0914908,425,18740.21087
437,-174.9677441,426,18565.24312
438,436.5017484,427,19001.74487
439,-264.7840866,428,18736.96079
440,561.0456412,429,19298.00643
441,433.2007918,430,19731.20722
442,-771.7940546,431,18959.41316
443,467.9091247,432,19427.32229
444,-276.7910641,433,19150.53122
445,192.6599579,434,19343.19118
446,-732.0625314,435,18611.12865
447,242.5345927,436,18853.66324
448,10.38105002,437,18864.04429
449,39.86386329,438,18903.90816
450,-521.5013519,439,18382.4068
451,-268.9278384,440,18113.47897
452,-7.785199292,441,18105.69377
453,4.482097385,442,18110.17586
454,165.9370793,443,18276.11294
455,-224.2898148,444,18051.82313
456,-158.9387062,445,17892.88442
457,287.0236113,446,18179.90803
458,-276.0663382,447,17903.8417
459,230.2475282,448,18134.08922
460,355.0394363,449,18489.12866
461,-178.0974025,450,18311.03126
462,365.9509092,451,18676.98217
463,-528.2933443,452,18148.68882
464,-82.78796748,453,18065.90086
465,-565.008921,454,17500.89193
466,-87.58549586,455,17413.30644
467,-193.9160746,456,17219.39036
468,-293.206182,457,16926.18418
469,315.9282482,458,17242.11243
470,79.64056236,459,17321.75299
471,74.15315287,460,17395.90615
472,156.2986934,461,17552.20484
473,-80.40671749,462,17471.79812
474,-162.4835264,463,17309.31459
475,-353.0053975,464,16956.3092
476,96.95636659,465,17053.26556
477,147.8578434,466,17201.12341
478,152.1465939,467,17353.27
479,42.82778737,468,17396.09779
480,-1028.095957,469,16368.00183
481,-17.644004,470,16350.35783
482,-81.2258157,471,16269.13201
483,46.69777441,472,16315.82979
484,-28.02516963,473,16287.80462
485,-111.332149,474,16176.47247
486,-726.0251524,475,15450.44731
487,-244.8157063,476,15205.63161
488,195.8493602,477,15401.48097
489,-853.1069295,478,14548.37404
490,-314.0951901,479,14234.27885
491,355.961433,480,14590.24028
492,-51.14821459,481,14539.09207
493,-139.4824703,482,14399.6096
494,-81.63492255,483,14317.97467
495,-631.605352,484,13686.36932
496,1203.964474,485,14890.3338
497,-561.0375656,486,14329.29623
498,749.1831821,487,15078.47941
499,34.16337123,488,15112.64279
500,-171.0143594,489,14941.62843
501,-516.0950031,490,14425.53342
502,116.3995527,491,14541.93298
503,-202.1660635,492,14339.76691
504,318.7320378,493,14658.49895
505,-237.2649663,494,14421.23398
506,7.187474015,495,14428.42146
507,36.68571022,496,14465.10717
508,91.8291753,497,14556.93634
509,158.5205252,498,14715.45687
510,-228.2166335,499,14487.24023
511,93.98231284,500,14581.22255
512,-5.58131838,501,14575.64123
513,813.0368871,502,15388.67812
514,432.4446533,503,15821.12277
515,50.70827547,504,15871.83104
516,-61.82886453,505,15810.00218
517,122.4131758,506,15932.41536
518,-83.53761782,507,15848.87774
519,185.7663158,508,16034.64405
520,-62.11255699,509,15972.5315
521,40.89745202,510,16013.42895
522,83.41055537,511,16096.8395
523,-553.6004624,512,15543.23904
524,-38.04417917,513,15505.19486
525,-165.4027479,514,15339.79212
526,-268.2812481,515,15071.51087
527,44.49889355,516,15116.00976
528,45.50595918,517,15161.51572
529,246.2566895,518,15407.77241
530,27.83999772,519,15435.61241
531,307.0916971,520,15742.7041
532,350.7537417,521,16093.45785
533,564.4516172,522,16657.90946
534,1161.55348,523,17819.46294
535,541.2946687,524,18360.75761
536,392.9582698,525,18753.71588
537,-71.66930046,526,18682.04658
538,-190.4394146,527,18491.60717
539,91.82132378,528,18583.42849
540,-244.2889434,529,18339.13955
541,63.78575458,530,18402.9253
542,-94.15552894,531,18308.76977
543,30.98347406,532,18339.75325
544,-59.0823858,533,18280.67086
545,-17.26311088,534,18263.40775
546,232.5883201,535,18495.99607
547,639.5681319,536,19135.5642
548,-507.9429924,537,18627.62121
549,-394.6570479,538,18232.96416
550,-171.1933039,539,18061.77086
551,5.309180429,540,18067.08004
552,593.7356088,541,18660.81565
553,-313.860797,542,18346.95485
554,2.274319684,543,18349.22917
555,-166.7298184,544,18182.49935
556,253.6949603,545,18436.19431
557,-524.8098454,546,17911.38447
558,65.20063763,547,17976.5851
559,-201.5371793,548,17775.04792
560,60.43843975,549,17835.48636
561,472.9423179,550,18308.42868
562,658.9972418,551,18967.42592
563,-102.4846373,552,18864.94129
564,-94.78989196,553,18770.15139
565,258.1043988,554,19028.25579
566,836.8938561,555,19865.14965
567,-91.16550681,556,19773.98414
568,-320.3776179,557,19453.60652
569,-168.2104142,558,19285.39611
570,-136.6968399,559,19148.69927
571,-71.12745231,560,19077.57182
572,-65.23700625,561,19012.33481
573,134.2234329,562,19146.55824
574,-248.4643773,563,18898.09387
575,-20.22310138,564,18877.87077
576,-12.27476676,565,18865.596
577,63.69472024,566,18929.29072
578,-25.77343712,567,18903.51728
579,19.22641379,568,18922.7437
580,24.63793119,569,18947.38163
581,30.25012672,570,18977.63175
582,32.33564389,571,19009.9674
583,-56.89381202,572,18953.07359
584,162.7736878,573,19115.84727
585,5.979363773,574,19121.82664
586,666.7807861,575,19788.60742
587,56.45151336,576,19845.05894
588,-104.7859066,577,19740.27303
589,-62.51830722,578,19677.75472
590,81.93725871,579,19759.69198
591,406.2612598,580,20165.95324
592,81.52999167,581,20247.48323
593,214.540128,582,20462.02336
594,-56.71297808,583,20405.31038
595,50.03179782,584,20455.34218
596,44.84016513,585,20500.18235
597,1135.30081,586,21635.48316
598,156.8574244,587,21792.34058
599,102.9476634,588,21895.28824
600,199.1731832,589,22094.46143
601,-339.7241966,590,21754.73723
602,-90.17301267,591,21664.56422
603,132.7417712,592,21797.30599
604,-490.5040255,593,21306.80196
605,81.02990403,594,21387.83187
606,392.2739093,595,21780.10578
607,140.6105794,596,21920.71636
608,325.8681875,597,22246.58454
609,266.3956998,598,22512.98024
610,-337.05241,599,22175.92783
611,295.931028,600,22471.85886
612,-185.0304451,601,22286.82842
613,15.09199906,602,22301.92042
614,-256.7057603,603,22045.21466
615,328.4578357,604,22373.67249
616,-306.9035559,605,22066.76894
617,55.42201324,606,22122.19095
618,258.3304185,607,22380.52137
619,19.35817355,608,22399.87954
620,343.9169091,609,22743.79645
621,-160.646426,610,22583.15002
622,-453.4309691,611,22129.71905
623,-20.4183472,612,22109.30071
624,23.84207971,613,22133.14279
625,316.6828624,614,22449.82565
626,75.89975486,615,22525.7254
627,-37.20577972,616,22488.51962
628,294.9607985,617,22783.48042
629,-572.5022214,618,22210.9782
630,563.5435331,619,22774.52173
631,-82.15070276,620,22692.37103
632,-545.8635353,621,22146.5075
633,-68.67463561,622,22077.83286
634,-60.89751172,623,22016.93535
635,-51.33122711,624,21965.60412
636,120.6846979,625,22086.28882
637,-69.99079016,626,22016.29803
638,-57.69265921,627,21958.60537
639,-257.293013,628,21701.31236
640,88.25736019,629,21789.56972
641,27.21862484,630,21816.78834
642,140.5490297,631,21957.33737
643,86.16958633,632,22043.50696
644,90.51724392,633,22134.0242
645,-129.0237382,634,22005.00046
646,760.4989432,635,22765.49941
647,-306.4170242,636,22459.08238
648,-90.15388829,637,22368.9285
649,25.70784115,638,22394.63634
650,-804.0368634,639,21590.59947
651,-41.17803292,640,21549.42144
652,-527.9368953,641,21021.48454
653,-22.35865876,642,20999.12589
654,-38.71324847,643,20960.41264
655,-89.26278857,644,20871.14985
656,283.216278,645,21154.36613
657,-193.6386427,646,20960.72748
658,3.893350326,647,20964.62083
659,-561.9212037,648,20402.69963
660,218.1286369,649,20620.82827
661,487.9216239,650,21108.74989
662,223.1815043,651,21331.9314
663,-48.18383149,652,21283.74756
664,19.93553511,653,21303.6831
665,-36.7214236,654,21266.96168
666,-54.73734472,655,21212.22433
667,54.42410717,656,21266.64844
668,-24.75912603,657,21241.88931
669,188.7834479,658,21430.67276
670,-73.1059547,659,21357.56681
671,-58.11593647,660,21299.45087
672,-30.63779612,661,21268.81307
673,-172.0215916,662,21096.79148
674,-103.6044712,663,20993.18701
675,125.3552452,664,21118.54226
676,-23.2994398,665,21095.24282
677,33.78697773,666,21129.02979
678,-6.91705886,667,21122.11273
679,-162.1698438,668,20959.94289
680,292.3010323,669,21252.24392
681,572.8121191,670,21825.05604
682,-173.1882537,671,21651.86779
683,158.4452112,672,21810.313
684,-99.70373228,673,21710.60927
685,-88.25382744,674,21622.35544
686,-210.0441813,675,21412.31126
687,294.5194243,676,21706.83068
688,123.6985068,677,21830.52919
689,337.147459,678,22167.67665
690,-386.2963907,679,21781.38026
691,384.9990126,680,22166.37927
692,-704.5283833,681,21461.85089
693,56.27721002,682,21518.1281
694,88.186258,683,21606.31436
695,-603.3705489,684,21002.94381
696,-96.00947332,685,20906.93433
697,7.195308146,686,20914.12964
698,206.9804675,687,21121.11011
699,-14.70776357,688,21106.40234
700,184.3918831,689,21290.79423
701,-154.7599022,690,21136.03433
702,24.08916578,691,21160.12349
703,-94.78446251,692,21065.33903
704,-142.064279,693,20923.27475
705,146.5293717,694,21069.80412
706,-27.21270551,695,21042.59142
707,-161.8572439,696,20880.73417
708,41.37445675,697,20922.10863
709,46.10581384,698,20968.21444
710,84.92389253,699,21053.13834
711,8.618529275,700,21061.75686
712,128.6972063,701,21190.45407
713,40.44525017,702,21230.89932
714,-92.16192748,703,21138.73739
715,231.788157,704,21370.52555
716,89.67591331,705,21460.20146
717,-119.6585893,706,21340.54287
718,-46.18078695,707,21294.36209
719,-29.51903444,708,21264.84305
720,23.3085121,709,21288.15157
721,125.1980024,710,21413.34957
722,309.8573302,711,21723.2069
723,211.5294017,712,21934.7363
724,60.43141529,713,21995.16772
725,-221.0571729,714,21774.11054
726,161.8480119,715,21935.95855
727,-147.2850512,716,21788.6735
728,-119.6601604,717,21669.01334
729,89.92972464,718,21758.94307
730,577.943893,719,22336.88696
731,-330.5591299,720,22006.32783
732,-177.1322905,721,21829.19554
733,75.70557175,722,21904.90111
734,-185.8922784,723,21719.00883
735,1160.177261,724,22879.18609
736,208.8794529,725,23088.06555
737,-106.9802314,726,22981.08532
738,51.73589758,727,23032.82121
739,54.34380667,728,23087.16502
740,492.5321587,729,23579.69718
741,-71.27805596,730,23508.41912
742,92.96658911,731,23601.38571
743,-3.929385437,732,23597.45633
744,191.035563,733,23788.49189
745,114.837731,734,23903.32962
746,-39.11084817,735,23864.21877
747,-130.0623738,736,23734.1564
748,307.7699325,737,24041.92633
749,-518.954035,738,23522.9723
750,-150.9494421,739,23372.02285
751,-13.64636872,740,23358.37648
752,-54.51574046,741,23303.86074
753,614.4493204,742,23918.31006
754,6.108750214,743,23924.41882
755,165.1533474,744,24089.57216
756,-269.387614,745,23820.18455
757,-174.9980736,746,23645.18647
758,358.4261586,747,24003.61263
759,-55.94027259,748,23947.67236
760,42.01368085,749,23989.68604
761,-110.5080208,750,23879.17802
762,-175.3270456,751,23703.85098
763,194.5331653,752,23898.38414
764,-69.00156295,753,23829.38258
765,38.52546153,754,23867.90804
766,11.47306112,755,23879.3811
767,155.6217872,756,24035.00289
768,-45.96190527,757,23989.04098
769,-31.95854751,758,23957.08243
770,13.11749329,759,23970.19993
771,127.9388336,760,24098.13876
772,38.20638632,761,24136.34515
773,551.8845749,762,24688.22972
774,-71.24299861,763,24616.98672
775,-204.4223192,764,24412.56441
776,152.2610472,765,24564.82545
777,15.48832334,766,24580.31378
778,-96.88820398,767,24483.42557
779,2.043927722,768,24485.4695
780,151.7563126,769,24637.22581
781,26.34571427,770,24663.57153
782,-53.70676129,771,24609.86476
783,370.760652,772,24980.62542
784,417.7356102,773,25398.36103
785,-130.8965079,774,25267.46452
786,-14.82792944,775,25252.63659
787,-2.724535906,776,25249.91205
788,-448.6669858,777,24801.24507
789,327.1773981,778,25128.42247
790,-45.36850567,779,25083.05396
791,80.27271447,780,25163.32668
792,-74.20494804,781,25089.12173
793,173.6777604,782,25262.79949
794,566.5677315,783,25829.36722
795,-184.0897934,784,25645.27743
796,281.3944043,785,25926.67183
797,346.8119445,786,26273.48377
798,37.95893425,787,26311.44271
799,-302.1195457,788,26009.32316
800,101.2238654,789,26110.54703
801,-56.51822005,790,26054.02881
802,-124.4372725,791,25929.59154
803,74.14328824,792,26003.73482
804,-94.24524027,793,25909.48958
805,-51.78174305,794,25857.70784
806,-51.50757225,795,25806.20027
807,188.3678934,796,25994.56816
808,72.58531048,797,26067.15347
809,-58.91166522,798,26008.24181
810,257.9830822,799,26266.22489
811,-144.5992914,800,26121.6256
812,-68.78706395,801,26052.83853
813,78.1230708,802,26130.9616
814,-657.3413172,803,25473.62029
815,237.9440814,804,25711.56437
816,-107.7777748,805,25603.78659
817,95.63734281,806,25699.42394
818,98.81542651,807,25798.23936
819,-162.9038665,808,25635.3355
820,-180.1087013,809,25455.2268
821,332.8536823,810,25788.08048
822,-161.8016755,811,25626.2788
823,-7.833863413,812,25618.44494
824,104.1372726,813,25722.58221
825,-58.83499897,814,25663.74721
826,313.7196583,815,25977.46687
827,167.2557691,816,26144.72264
828,-156.0311084,817,25988.69153
829,43.44644426,818,26032.13798
830,-649.7856959,819,25382.35228
831,475.4088523,820,25857.76113
832,163.6413702,821,26021.4025
833,-143.7950533,822,25877.60745
834,-275.37358,823,25602.23387
835,352.6334241,824,25954.86729
836,-169.2873066,825,25785.57999
837,81.1391446,826,25866.71913
838,115.8904722,827,25982.6096
839,-277.6004639,828,25705.00914
840,39.61411202,829,25744.62325
841,34.90080382,830,25779.52405
842,-147.3615919,831,25632.16246
843,19.32894603,832,25651.49141
844,-297.2661802,833,25354.22523
845,163.6644823,834,25517.88971
846,53.95315058,835,25571.84286
847,-210.7033256,836,25361.13954
848,103.4039212,837,25464.54346
849,-217.6150082,838,25246.92845
850,163.0330416,839,25409.96149
851,253.9874685,840,25663.94896
852,-219.6391848,841,25444.30977
853,-99.54231321,842,25344.76746
854,35.85180083,843,25380.61926
855,154.4467101,844,25535.06597
856,282.3807164,845,25817.44669
857,-555.3903989,846,25262.05629
858,115.8942617,847,25377.95055
859,153.6363321,848,25531.58688
860,148.4145525,849,25680.00144
861,-524.9571151,850,25155.04432
862,-676.2373136,851,24478.80701
863,-267.1897969,852,24211.61721
864,100.9223879,853,24312.5396
865,29.90387464,854,24342.44347
866,606.6111807,855,24949.05465
867,72.82615687,856,25021.88081
868,-22.07261173,857,24999.8082
869,183.4944799,858,25183.30268
870,-258.2654796,859,24925.0372
871,-183.4753808,860,24741.56182
872,-53.52623398,861,24688.03558
873,-91.30808913,862,24596.7275
874,161.7476885,863,24758.47518
875,-194.5536954,864,24563.92149
876,-98.81629989,865,24465.10519
877,-189.7275094,866,24275.37768
878,-392.2372128,867,23883.14047
879,-144.8069715,868,23738.33349
880,288.20342,869,24026.53691
881,351.057232,870,24377.59415
882,-140.8364965,871,24236.75765
883,-211.2215549,872,24025.5361
884,237.2568747,873,24262.79297
885,-380.6994056,874,23882.09356
886,112.6643849,875,23994.75795
887,-142.41668,876,23852.34127
888,75.72362325,877,23928.06489
889,-19.39317904,878,23908.67171
890,13.48724447,879,23922.15896
891,130.4449532,880,24052.60391
892,-18.81293194,881,24033.79098
893,-197.2254447,882,23836.56553
894,-53.30742473,883,23783.25811
895,229.9270779,884,24013.18519
896,16.65337265,885,24029.83856
897,311.8478035,886,24341.68636
898,195.6511806,887,24537.33754
899,417.718589,888,24955.05613
900,68.74742323,889,25023.80356
901,-3.429523084,890,25020.37403
902,-105.0322962,891,24915.34174
903,131.1745871,892,25046.51632
904,65.91091718,893,25112.42724
905,-132.6980989,894,24979.72914
906,-131.6452074,895,24848.08394
907,-164.7638347,896,24683.3201
908,-121.4072835,897,24561.91282
909,382.4850786,898,24944.3979
910,247.5321812,899,25191.93008
911,-80.61272855,900,25111.31735
912,40.21532451,901,25151.53267
913,-56.7120216,902,25094.82065
914,43.23775121,903,25138.0584
915,-158.1622034,904,24979.8962
916,81.00382999,905,25060.90003
917,-587.901599,906,24472.99843
918,157.3574605,907,24630.35589
919,-0.220827527,908,24630.13506
920,-15.1542803,909,24614.98078
921,-355.8284008,910,24259.15238
922,239.8914113,911,24499.04379
923,64.42682862,912,24563.47062
924,148.9622113,913,24712.43283
925,-72.49176961,914,24639.94106
926,148.2053926,915,24788.14646
927,76.34910493,916,24864.49556
928,-645.2706614,917,24219.2249
929,-146.6028794,918,24072.62202
930,-146.2051764,919,23926.41684
931,-55.44132693,920,23870.97552
932,294.473852,921,24165.44937
933,91.8219408,922,24257.27131
934,-187.2644789,923,24070.00683
935,-151.6962425,924,23918.31059
936,106.127878,925,24024.43847
937,-23.36977695,926,24001.06869
938,57.48020405,927,24058.54889
939,-56.62462576,928,24001.92427
940,208.9914907,929,24210.91576
941,550.9808013,930,24761.89656
942,456.1058931,931,25218.00245
943,-124.1825347,932,25093.81992
944,-337.2934331,933,24756.52648
945,-169.8114005,934,24586.71508
946,-150.2249628,935,24436.49012
947,-412.8867118,936,24023.60341
948,-55.04636957,937,23968.55704
949,-476.394187,938,23492.16285
950,-96.74180505,939,23395.42105
951,-90.59197316,940,23304.82908
952,401.5333538,941,23706.36243
953,-38.2949672,942,23668.06746
954,24.17111721,943,23692.23858
955,-92.97648027,944,23599.2621
956,-125.347219,945,23473.91488
957,85.80708165,946,23559.72196
958,-84.38880022,947,23475.33316
959,192.2174776,948,23667.55064
960,-135.5029365,949,23532.0477
961,-6.998596218,950,23525.04911
962,85.33205444,951,23610.38116
963,-271.9249688,952,23338.45619
964,-98.08463753,953,23240.37155
965,-66.12773616,954,23174.24382
966,-72.26509606,955,23101.97872
967,30.70147885,956,23132.6802
968,145.4316098,957,23278.11181
969,-45.09468976,958,23233.01712
970,-154.5816591,959,23078.43546
971,-106.2780782,960,22972.15738
972,-145.1368566,961,22827.02053
973,546.3064593,962,23373.32699
974,253.2230606,963,23626.55005
975,140.9100844,964,23767.46013
976,-78.04601989,965,23689.41411
977,-142.6160804,966,23546.79803
978,-201.987409,967,23344.81062
979,227.2267204,968,23572.03734
980,-64.89937278,969,23507.13797
981,-146.3674421,970,23360.77053
982,325.3039876,971,23686.07451
983,45.62299461,972,23731.69751
984,-279.3634941,973,23452.33402
985,432.2832079,974,23884.61722
986,247.1215299,975,24131.73875
987,202.1486239,976,24333.88738
988,84.49807622,977,24418.38545
989,-217.527285,978,24200.85817
990,-541.9177615,979,23658.94041
991,67.00893621,980,23725.94934
992,-273.6278695,981,23452.32147
993,-175.2111268,982,23277.11035
994,-117.4674467,983,23159.6429
995,19.69698416,984,23179.33988
996,-157.2680603,985,23022.07182
997,-54.8071537,986,22967.26467
998,278.4634833,987,23245.72815
999,-683.3424394,988,22562.38571
1000,127.4691959,989,22689.85491
1001,41.74910804,990,22731.60402
1002,-1.883469855,991,22729.72055
1003,-104.9373801,992,22624.78317
1004,4.921695576,993,22629.70486
1005,51.27501544,994,22680.97988
1006,177.9009875,995,22858.88087
1007,-546.0424429,996,22312.83842
1008,-58.49648465,997,22254.34194
1009,70.24964322,998,22324.59158
1010,-129.9512775,999,22194.6403
1011,-312.0644732,1000,21882.57583
1012,-45.7475116,1001,21836.82832
1013,-63.74736549,1002,21773.08095
1014,211.1770631,1003,21984.25802
1015,57.72180491,1004,22041.97982
1016,-216.5249293,1005,21825.45489
1017,-110.3581314,1006,21715.09676
1018,-99.60222641,1007,21615.49454
1019,96.82624924,1008,21712.32078
1020,-195.112912,1009,21517.20787
1021,-6.217615421,1010,21510.99026
1022,755.0896187,1011,22266.07988
1023,-86.37600291,1012,22179.70387
1024,-369.6236815,1013,21810.08019
1025,-176.3308893,1014,21633.7493
1026,61.34509967,1015,21695.0944
1027,455.5163396,1016,22150.61074
1028,108.9647733,1017,22259.57551
1029,-38.00517119,1018,22221.57034
1030,-81.5535243,1019,22140.01682
1031,-342.7667759,1020,21797.25004
1032,-170.5315313,1021,21626.71851
1033,-7.983245193,1022,21618.73527
1034,124.2963773,1023,21743.03164
1035,-24.74260966,1024,21718.28903
1036,91.38832544,1025,21809.67736
1037,0.370115587,1026,21810.04748
1038,-10.308741,1027,21799.73873
1039,33.8635697,1028,21833.6023
1040,21.93255273,1029,21855.53486
1041,-112.5423402,1030,21742.99252
1042,9.411639495,1031,21752.40416
1043,69.03534543,1032,21821.4395
1044,9.227361194,1033,21830.66686
1045,-148.5326876,1034,21682.13418
1046,74.67558099,1035,21756.80976
1047,-152.4404278,1036,21604.36933
1048,-65.98900628,1037,21538.38032
1049,-96.51448199,1038,21441.86584
1050,1.438622097,1039,21443.30446
1051,87.03521605,1040,21530.33968
1052,72.71383909,1041,21603.05352
1053,-96.66033579,1042,21506.39318
1054,130.9918487,1043,21637.38503
1055,101.2719398,1044,21738.65697
1056,95.00531504,1045,21833.66229
1057,-10.90191596,1046,21822.76037
1058,171.7692706,1047,21994.52964
1059,243.0305378,1048,22237.56018
1060,241.6369809,1049,22479.19716
1061,-80.53200602,1050,22398.66515
1062,-140.0579639,1051,22258.60719
1063,94.58427327,1052,22353.19146
1064,13.13023403,1053,22366.3217
1065,342.5307222,1054,22708.85242
1066,-90.34498224,1055,22618.50744
1067,-874.5564165,1056,21743.95102
1068,-209.7983065,1057,21534.15271
1069,-206.4345601,1058,21327.71815
1070,39.54184427,1059,21367.26
1071,-132.9974713,1060,21234.26253
1072,184.9199596,1061,21419.18249
1073,442.3591473,1062,21861.54163
1074,-5.474216849,1063,21856.06742
1075,-36.7900916,1064,21819.27732
1076,7.10402587,1065,21826.38135
1077,-88.13288007,1066,21738.24847
1078,67.44322418,1067,21805.69169
1079,81.74333293,1068,21887.43503
1080,280.9822336,1069,22168.41726
1081,136.8158937,1070,22305.23315
1082,-287.8120105,1071,22017.42114
1083,30.27866022,1072,22047.6998
1084,130.2618879,1073,22177.96169
1085,66.17085115,1074,22244.13254
1086,20.74303256,1075,22264.87558
1087,101.406066,1076,22366.28164
1088,1363.848966,1077,23730.13061
1089,146.184983,1078,23876.31559
1090,-37.53395229,1079,23838.78164
1091,-413.6181497,1080,23425.16349
1092,-86.32672601,1081,23338.83676
1093,-32.05773646,1082,23306.77903
1094,106.9016806,1083,23413.68071
1095,282.7907238,1084,23696.47143
1096,-73.07977422,1085,23623.39166
1097,-50.83438298,1086,23572.55727
1098,3.007601805,1087,23575.56488
1099,-138.1250745,1088,23437.4398
1100,216.6020388,1089,23654.04184
1101,62.32044503,1090,23716.36228
1102,171.0552754,1091,23887.41756
1103,-89.72984687,1092,23797.68771
1104,-55.73755701,1093,23741.95016
1105,-239.0546682,1094,23502.89549
1106,-103.37451,1095,23399.52098
1107,-34.48205305,1096,23365.03892
1108,-900.7083096,1097,22464.33062
1109,78.06328739,1098,22542.3939
1110,204.4842325,1099,22746.87814
1111,24.98943135,1100,22771.86757
1112,-57.34487696,1101,22714.52269
1113,-123.9173246,1102,22590.60537
1114,53.78472274,1103,22644.39009
1115,87.42241421,1104,22731.8125
1116,96.81471912,1105,22828.62722
1117,324.9954041,1106,23153.62263
1118,196.8703141,1107,23350.49294
1119,196.9709491,1108,23547.46389
1120,-76.65574775,1109,23470.80814
1121,-174.7058085,1110,23296.10233
1122,-1031.491212,1111,22264.61112
1123,-193.1891702,1112,22071.42195
1124,-49.51267244,1113,22021.90928
1125,431.5333825,1114,22453.44266
1126,-222.190968,1115,22231.25169
1127,-32.89604541,1116,22198.35565
1128,126.7851867,1117,22325.14083
1129,-36.5477036,1118,22288.59313
1130,-1226.264374,1119,21062.32876
1131,319.5671231,1120,21381.89588
1132,-125.3031014,1121,21256.59278
1133,83.63219902,1122,21340.22498
1134,-59.15791247,1123,21281.06706
1135,327.3970317,1124,21608.4641
1136,-223.4828735,1125,21384.98122
1137,82.15256936,1126,21467.13379
1138,55.62653281,1127,21522.76032
1139,444.2128363,1128,21966.97316
1140,235.2941724,1129,22202.26733
1141,15.81048424,1130,22218.07782
1142,-376.2074904,1131,21841.87033
1143,-410.1432749,1132,21431.72705
1144,153.5771948,1133,21585.30425
1145,-328.1637932,1134,21257.14045
1146,483.9845105,1135,21741.12496
1147,1.267112636,1136,21742.39208
1148,-166.0549227,1137,21576.33715
1149,72.12711586,1138,21648.46427
1150,-121.0730542,1139,21527.39122
1151,198.1902939,1140,21725.58151
1152,-34.92501476,1141,21690.65649
1153,134.0595187,1142,21824.71601
1154,81.51556341,1143,21906.23158
1155,-323.3263741,1144,21582.9052
1156,-214.8755212,1145,21368.02968
1157,-71.40734493,1146,21296.62234
1158,315.8565174,1147,21612.47885
1159,83.5571315,1148,21696.03599
1160,55.95276747,1149,21751.98875
1161,7.730118848,1150,21759.71887
1162,-798.6804619,1151,20961.03841
1163,9.187122381,1152,20970.22553
1164,-175.7101459,1153,20794.51539
1165,22.31900316,1154,20816.83439
1166,-106.0740374,1155,20710.76035
1167,-63.59763617,1156,20647.16272
1168,32.65189429,1157,20679.81461
1169,-20.24797455,1158,20659.56664
1170,74.70555634,1159,20734.27219
1171,168.4843129,1160,20902.7565
1172,760.9591552,1161,21663.71566
1173,155.5877121,1162,21819.30337
1174,-86.86858845,1163,21732.43478
1175,317.1282131,1164,22049.563
1176,130.7107336,1165,22180.27373
1177,80.17729974,1166,22260.45103
1178,-771.034347,1167,21489.41668
1179,17.27134431,1168,21506.68803
1180,-51.87540184,1169,21454.81263
1181,155.8771414,1170,21610.68977
1182,59.11456102,1171,21669.80433
1183,-81.98029513,1172,21587.82403
1184,10.57529787,1173,21598.39933
1185,407.2399346,1174,22005.63927
1186,-57.34021512,1175,21948.29905
1187,-280.8040975,1176,21667.49495
1188,90.36287533,1177,21757.85783
1189,145.3916625,1178,21903.24949
1190,-967.3570986,1179,20935.89239
1191,467.5617501,1180,21403.45414
1192,374.0424151,1181,21777.49656
1193,-690.1786252,1182,21087.31793
1194,-877.3660836,1183,20209.95185
1195,82.5089105,1184,20292.46076
1196,237.1882064,1185,20529.64897
1197,-226.9701714,1186,20302.67879
1198,-944.9954573,1187,19357.68334
1199,264.3978848,1188,19622.08122
1200,-58.49880627,1189,19563.58242
1201,266.0301564,1190,19829.61257
1202,-1460.417549,1191,18369.19502
1203,-648.1678801,1192,17721.02714
1204,-573.5044119,1193,17147.52273
1205,654.4700894,1194,17801.99282
1206,-96.59508079,1195,17705.39774
1207,211.9489298,1196,17917.34667
1208,1358.086566,1197,19275.43324
1209,-631.9251828,1198,18643.50805
1210,703.8394265,1199,19347.34748
1211,618.2847218,1200,19965.6322
1212,-178.6252794,1201,19787.00692
1213,1080.424239,1202,20867.43116
1214,-136.1194703,1203,20731.31169
1215,186.6380519,1204,20917.94974
1216,-136.516543,1205,20781.4332
1217,-461.6975958,1206,20319.7356
1218,218.9072162,1207,20538.64282
1219,448.6215962,1208,20987.26442
1220,348.8864206,1209,21336.15084
1221,245.3164934,1210,21581.46733
1222,-383.9731832,1211,21197.49415
1223,264.8941335,1212,21462.38828
1224,19.25952642,1213,21481.64781
1225,-937.4527397,1214,20544.19507
1226,306.8817328,1215,20851.0768
1227,697.6749133,1216,21548.75171
1228,415.0800032,1217,21963.83172
1229,-286.3718926,1218,21677.45982
1230,45.49872262,1219,21722.95855
1231,-22.47191177,1220,21700.48663
1232,839.3449528,1221,22539.83159
1233,25.02706694,1222,22564.85865
1234,-80.18366818,1223,22484.67499
1235,3485.001493,1224,25969.67648
1236,1239.700732,1225,27209.37721
1237,-204.6783272,1226,27004.69888
1238,1467.600278,1227,28472.29916
1239,176.6912396,1228,28648.9904
1240,-137.1098849,1229,28511.88052
1241,-207.5326428,1230,28304.34787
1242,394.0604015,1231,28698.40827
1243,-706.672006,1232,27991.73627
1244,-389.1584042,1233,27602.57786
1245,-174.4593853,1234,27428.11848
1246,1424.530573,1235,28852.64905
1247,532.1390037,1236,29384.78806
1248,346.3255451,1237,29731.1136
1249,-113.045503,1238,29618.0681
1250,-1808.406993,1239,27809.66111
1251,71.81744108,1240,27881.47855
1252,-132.9722053,1241,27748.50634
1253,70.14680326,1242,27818.65314
1254,146.7150824,1243,27965.36823
1255,13.41693765,1244,27978.78516
1256,233.7717847,1245,28212.55695
1257,357.2403863,1246,28569.79734
1258,173.8040245,1247,28743.60136
1259,646.7438135,1248,29390.34517
1260,-239.3847469,1249,29150.96043
1261,101.7704315,1250,29252.73086
1262,98.75223533,1251,29351.48309
1263,-38.40146495,1252,29313.08163
1264,203.1866232,1253,29516.26825
1265,-561.5721327,1254,28954.69612
1266,-1156.941962,1255,27797.75416
1267,-25.07128204,1256,27772.68287
1268,-219.8181882,1257,27552.86469
1269,164.7204923,1258,27717.58518
1270,-429.8558177,1259,27287.72936
1271,-322.777123,1260,26964.95224
1272,287.5844613,1261,27252.5367
1273,17.88762804,1262,27270.42433
1274,992.5424634,1263,28262.96679
1275,-433.4154447,1264,27829.55135
1276,-449.1121712,1265,27380.43918
1277,764.3821179,1266,28144.82129
1278,1176.594491,1267,29321.41578
1279,256.6023923,1268,29578.01818
1280,956.4154526,1269,30534.43363
1281,96.76887689,1270,30631.20251
1282,-328.827548,1271,30302.37496
1283,-262.0997902,1272,30040.27517
1284,477.7909316,1273,30518.0661
1285,268.6232215,1274,30786.68932
1286,-184.24577,1275,30602.44355
1287,92.61822681,1276,30695.06178
1288,83.62124473,1277,30778.68302
1289,-221.3272956,1278,30557.35573
1290,660.1492238,1279,31217.50495
1291,15.50493174,1280,31233.00988
1292,-557.2012915,1281,30675.80859
1293,172.1524125,1282,30847.961
1294,839.9508777,1283,31687.91188
1295,9.034000448,1284,31696.94588
1296,118.7729584,1285,31815.71884
1297,4.079184612,1286,31819.79802
1298,72.63538147,1287,31892.43341
1299,82.7001202,1288,31975.13353
1300,114.647258,1289,32089.78078
1301,97.54960726,1290,32187.33039
1302,1.140817371,1291,32188.47121
1303,-296.4545617,1292,31892.01665
1304,79.61812556,1293,31971.63477
1305,-317.6450771,1294,31653.9897
1306,-78.25984268,1295,31575.72985
1307,263.972205,1296,31839.70206
1308,1255.873759,1297,33095.57582
1309,-70.71925246,1298,33024.85656
1310,109.6225036,1299,33134.47907
1311,-247.9228561,1300,32886.55621
1312,250.0985439,1301,33136.65476
1313,153.993546,1302,33290.6483
1314,318.2197393,1303,33608.86804
1315,-128.135031,1304,33480.73301
1316,-318.2453757,1305,33162.48763
1317,-115.5768661,1306,33046.91077
1318,-52.12406101,1307,32994.78671
1319,-905.8993306,1308,32088.88738
1320,74.98577484,1309,32163.87315
1321,-44.82908904,1310,32119.04406
1322,-571.1813068,1311,31547.86276
1323,-13.72867764,1312,31534.13408
1324,43.91547944,1313,31578.04956
1325,111.1525266,1314,31689.20208
1326,-121.2791265,1315,31567.92296
1327,72.56735292,1316,31640.49031
1328,76.79645947,1317,31717.28677
1329,-44.5563306,1318,31672.73044
1330,-71.04524185,1319,31601.6852
1331,414.7484372,1320,32016.43363
1332,-147.6762847,1321,31868.75735
1333,310.5666232,1322,32179.32397
1334,29.41166258,1323,32208.73564
1335,11.2623626,1324,32219.998
1336,582.1871545,1325,32802.18515
1337,236.293607,1326,33038.47876
1338,-186.9757733,1327,32851.50299
1339,-192.307268,1328,32659.19572
1340,209.2633734,1329,32868.45909
1341,44.42956358,1330,32912.88866
1342,218.7114644,1331,33131.60012
1343,332.4128956,1332,33464.01302
1344,252.3015697,1333,33716.31459
1345,104.0204809,1334,33820.33507
1346,334.0332981,1335,34154.36836
1347,-343.5198127,1336,33810.84855
1348,24.802637,1337,33835.65119
1349,853.8474778,1338,34689.49867
1350,312.1883644,1339,35001.68703
1351,79.62762426,1340,35081.31466
1352,141.476858,1341,35222.79151
1353,-99.20722571,1342,35123.58429
1354,138.8801596,1343,35262.46445
1355,11.80267226,1344,35274.26712
1356,494.0706841,1345,35768.3378
1357,148.0188837,1346,35916.35669
1358,47.39233283,1347,35963.74902
1359,108.775331,1348,36072.52435
1360,-35.64496292,1349,36036.87939
1361,-402.4604599,1350,35634.41893
1362,85.96240177,1351,35720.38133
1363,64.86094541,1352,35785.24228
1364,13.75715522,1353,35798.99943
1365,173.3572101,1354,35972.35664
1366,10.07187619,1355,35982.42852
1367,-385.9710115,1356,35596.45751
1368,-166.6144583,1357,35429.84305
1369,-268.2459865,1358,35161.59706
1370,-25.51121481,1359,35136.08585
1371,188.6606399,1360,35324.74649
1372,-180.2597392,1361,35144.48675
1373,180.4738459,1362,35324.96059
1374,-132.0829328,1363,35192.87766
1375,126.7254535,1364,35319.60311
1376,573.8631686,1365,35893.46628
1377,-40.09899213,1366,35853.36729
1378,1113.532831,1367,36966.90012
1379,-76.8138676,1368,36890.08625
1380,39.64522257,1369,36929.73148
1381,-326.7209146,1370,36603.01056
1382,-781.4779862,1371,35821.53257
1383,749.6131909,1372,36571.14577
1384,-405.4037982,1373,36165.74197
1385,250.5558959,1374,36416.29786
1386,230.8570176,1375,36647.15488
1387,281.3060884,1376,36928.46097
1388,-45.26096516,1377,36883.2
1389,160.6513075,1378,37043.85131
1390,65.67042968,1379,37109.52174
1391,-133.812563,1380,36975.70918
1392,59.69887502,1381,37035.40805
1393,-24.03871129,1382,37011.36934
1394,1366.843467,1383,38378.21281
1395,-280.9937499,1384,38097.21906
1396,-12.11768639,1385,38085.10137
1397,-215.6583723,1386,37869.443
1398,-444.6460412,1387,37424.79696
1399,-43.81280644,1388,37380.98415
1400,573.002968,1389,37953.98712
1401,114.1711251,1390,38068.15825
1402,-412.4085282,1391,37655.74972
1403,-255.7257584,1392,37400.02396
1404,-397.4060776,1393,37002.61788
1405,440.0500034,1394,37442.66789
1406,-119.2115723,1395,37323.45631
1407,5.739467808,1396,37329.19578
1408,-529.1792026,1397,36800.01658
1409,-197.3724047,1398,36602.64417
1410,176.5359924,1399,36779.18017
1411,-163.0339773,1400,36616.14619
1412,104.4814338,1401,36720.62762
1413,148.7890736,1402,36869.4167
1414,1067.902317,1403,37937.31901
1415,2031.594813,1404,39968.91383
1416,-187.5509575,1405,39781.36287
1417,83.77642964,1406,39865.1393
1418,-281.0556297,1407,39584.08367
1419,-241.7203898,1408,39342.36328
1420,-339.1102778,1409,39003.253
1421,1637.206302,1410,40640.4593
1422,526.554998,1411,41167.0143
1423,1163.847416,1412,42330.86172
1424,1046.000154,1413,43376.86187
1425,431.6386633,1414,43808.50053
1426,276.9906183,1415,44085.49115
1427,518.2942904,1416,44603.78544
1428,426.703227,1417,45030.48867
1429,-267.2439727,1418,44763.2447
1430,294.2141543,1419,45057.45885
1431,-48.57151492,1420,45008.88734
1432,-247.0947456,1421,44761.79259
1433,-647.8680233,1422,44113.92457
1434,-171.4206344,1423,43942.50393
1435,309.6441663,1424,44252.1481
1436,-94.67890571,1425,44157.46919
1437,-85.08689384,1426,44072.3823
1438,176.3677608,1427,44248.75006
1439,-290.5333178,1428,43958.21674
1440,-701.1834829,1429,43257.03326
1441,149.2277927,1430,43406.26105
1442,-96.23462654,1431,43310.02643
1443,-290.4595674,1432,43019.56686
1444,463.8235775,1433,43483.39044
1445,103.7351065,1434,43587.12554
1446,221.0317376,1435,43808.15728
1447,1312.928678,1436,45121.08596
1448,277.9462788,1437,45399.03224
1449,-185.076548,1438,45213.95569
1450,308.3270088,1439,45522.2827
1451,1034.415436,1440,46556.69813
1452,157.2690174,1441,46713.96715
1453,-232.8490168,1442,46481.11814
1454,95.27206357,1443,46576.3902
1455,137.5471502,1444,46713.93735
1456,-11.47059813,1445,46702.46675
1457,-165.889676,1446,46536.57707
1458,-172.5433209,1447,46364.03375
1459,-46.23243907,1448,46317.80131
1460,-439.9230703,1449,45877.87824
1461,300.6041656,1450,46178.48241
1462,-402.3391051,1451,45776.14331
1463,-661.9495464,1452,45114.19376
1464,-1003.452408,1453,44110.74135
1465,354.4287162,1454,44465.17007
1466,319.6916126,1455,44784.86168
1467,-853.8178709,1456,43931.04381
1468,3333.807165,1457,47264.85097
1469,300.7692133,1458,47565.62019
1470,-37.85346894,1459,47527.76672
1471,-322.419675,1460,47205.34704
1472,-925.8595426,1461,46279.4875
1473,105.5465316,1462,46385.03403
1474,1181.295468,1463,47566.3295
1475,-434.2458655,1464,47132.08364
1476,-564.1702777,1465,46567.91336
1477,105.5132446,1466,46673.4266
1478,834.9834895,1467,47508.41009
1479,-261.1633213,1468,47247.24677
1480,648.9021145,1469,47896.14888
1481,-182.889575,1470,47713.25931
1482,-382.8357192,1471,47330.42359
1483,632.4976445,1472,47962.92124
1484,31.99724708,1473,47994.91848
1485,133.9992354,1474,48128.91772
1486,113.1967141,1475,48242.11443
1487,1471.502173,1476,49713.6166
1488,237.0407445,1477,49950.65735
1489,-466.9474802,1478,49483.70987
1490,-62.59015012,1479,49421.11972
1491,-1117.340202,1480,48303.77952
1492,-561.6668405,1481,47742.11268
1493,522.0410176,1482,48264.15369
1494,873.5174488,1483,49137.67114
1495,97.30286915,1484,49234.97401
1496,83.54689618,1485,49318.52091
1497,-11.19404639,1486,49307.32686
1498,1042.252941,1487,50349.5798
1499,164.6867187,1488,50514.26652
1500,-52.69478751,1489,50461.57173
1501,-213.5458291,1490,50248.0259
1502,255.4025614,1491,50503.42847
1503,145.6379701,1492,50649.06644
1504,633.4496827,1493,51282.51612
1505,18.89158833,1494,51301.40771
1506,2372.589415,1495,53673.99712
1507,351.7228807,1496,54025.72
1508,-88.18055378,1497,53937.53945
1509,-279.854847,1498,53657.6846
1510,-493.6564285,1499,53164.02817
1511,435.6414553,1500,53599.66963
1512,316.1615076,1501,53915.83114
1513,-106.5953145,1502,53809.23582
1514,381.1200677,1503,54190.35589
1515,717.3933635,1504,54907.74925
1516,676.8235488,1505,55584.5728
1517,-443.5810547,1506,55140.99175
1518,-310.1575881,1507,54830.83416
1519,590.6491328,1508,55421.48329
1520,387.256916,1509,55808.74021
1521,-69.05029167,1510,55739.68992
1522,-897.4285561,1511,54842.26136
1523,765.9882236,1512,55608.24958
1524,146.1979033,1513,55754.44749
1525,-177.2637292,1514,55577.18376
1526,-633.7964632,1515,54943.38729
1527,61.36592587,1516,55004.75322
1528,338.8171704,1517,55343.57039
1529,1213.325612,1518,56556.896
1530,220.8836444,1519,56777.77965
1531,-368.9781288,1520,56408.80152
1532,721.8091343,1521,57130.61065
1533,481.8162387,1522,57612.42689
1534,-744.101622,1523,56868.32527
1535,-579.711299,1524,56288.61397
1536,-17.56378919,1525,56271.05018
1537,353.310179,1526,56624.36036
1538,1057.991495,1527,57682.35186
1539,-422.9662371,1528,57259.38562
1540,1170.8276,1529,58430.21322
1541,-228.5987306,1530,58201.61449
1542,-103.2562711,1531,58098.35822
1543,-235.5700814,1532,57862.78814
1544,480.5192201,1533,58343.30736
1545,91.22578809,1534,58434.53314
1546,518.7325526,1535,58953.2657
1547,-760.0167046,1536,58193.24899
1548,-626.684144,1537,57566.56485
1549,-331.2486983,1538,57235.31615
1550,-96.96120256,1539,57138.35495
1551,206.6872645,1540,57345.04221
1552,-721.658695,1541,56623.38352
1553,503.5668313,1542,57126.95035
1554,-686.3267002,1543,56440.62365
1555,224.6528147,1544,56665.27646
1556,-310.192199,1545,56355.08426
1557,650.4793304,1546,57005.56359
1558,161.7321755,1547,57167.29577
1559,820.9899229,1548,57988.28569
1560,280.1847329,1549,58268.47042
1561,-361.0778039,1550,57907.39262
1562,-594.7409308,1551,57312.65169
1563,-197.1157539,1552,57115.53594
1564,-339.7062756,1553,56775.82966
1565,-147.590057,1554,56628.2396
1566,897.288964,1555,57525.52857
1567,-93.03316896,1556,57432.4954
1568,-288.7945616,1557,57143.70084
1569,157.1386108,1558,57300.83945
1570,-139.0471904,1559,57161.79226
1571,179.3326506,1560,57341.12491
1572,581.5944961,1561,57922.7194
1573,-141.472451,1562,57781.24695
1574,204.5091342,1563,57985.75609
1575,0.799218759,1564,57986.55531
1576,-276.5799136,1565,57709.97539
1577,-182.6931518,1566,57527.28224
1578,-348.2583376,1567,57179.0239
1579,-695.8115204,1568,56483.21238
1580,799.5506891,1569,57282.76307
1581,-96.31467066,1570,57186.4484
1582,-160.388155,1571,57026.06025
1583,-300.9503249,1572,56725.10992
1584,163.9489726,1573,56889.05889
1585,229.4557372,1574,57118.51463
1586,173.3542963,1575,57291.86893
1587,-821.0441431,1576,56470.82478
1588,-10.41911792,1577,56460.40567
1589,146.462662,1578,56606.86833
1590,-294.1110671,1579,56312.75726
1591,-180.5595103,1580,56132.19775
1592,1106.78859,1581,57238.98634
1593,669.9933232,1582,57908.97966
1594,34.99742314,1583,57943.97709
1595,-199.8935182,1584,57744.08357
1596,-241.8808549,1585,57502.20271
1597,506.3925375,1586,58008.59525
1598,-393.7541633,1587,57614.84109
1599,252.078506,1588,57866.91959
1600,38.40165551,1589,57905.32125
1601,-1189.35092,1590,56715.97033
1602,-199.0781778,1591,56516.89215
1603,199.5774088,1592,56716.46956
1604,1484.815295,1593,58201.28486
1605,-236.7483458,1594,57964.53651
1606,285.3729462,1595,58249.90946
1607,1129.928341,1596,59379.8378
1608,346.197417,1597,59726.03521
1609,59.51531937,1598,59785.55053
1610,-50.90567115,1599,59734.64486
1611,169.7844038,1600,59904.42927
1612,-574.663687,1601,59329.76558
1613,-72.40023472,1602,59257.36534
1614,-179.1181906,1603,59078.24715
1615,472.0757203,1604,59550.32287
1616,33.89018608,1605,59584.21306
1617,46.53493862,1606,59630.748
1618,-367.3086524,1607,59263.43935
1619,-43.27138966,1608,59220.16796
1620,306.6993931,1609,59526.86735
1621,-7.109711091,1610,59519.75764
1622,264.9462758,1611,59784.70391
1623,-317.7965726,1612,59466.90734
1624,176.2130482,1613,59643.12039
1625,-1100.132247,1614,58542.98814
1626,-564.7802205,1615,57978.20792
1627,865.6950068,1616,58843.90293
1628,353.008198,1617,59196.91113
1629,-160.7060202,1618,59036.20511
1630,1245.803706,1619,60282.00881
1631,-284.1656777,1620,59997.84314
1632,8.872083081,1621,60006.71522
1633,-403.5075111,1622,59603.20771
1634,54.71564788,1623,59657.92336
1635,1598.833345,1624,61256.7567
1636,2054.461343,1625,63311.21804
1637,171.1291597,1626,63482.3472
1638,170.5083069,1627,63652.85551
1639,64.38326688,1628,63717.23878
1640,-665.9751201,1629,63051.26366
1641,421.8254488,1630,63473.08911
1642,-235.223557,1631,63237.86555
1643,-269.0785096,1632,62968.78704
1644,86.98253593,1633,63055.76958
1645,564.0024134,1634,63619.77199
1646,312.9177858,1635,63932.68977
1647,19.55468652,1636,63952.24446
1648,50.48320007,1637,64002.72766
1649,3.710935687,1638,64006.4386
1650,-997.252209,1639,63009.18639
1651,218.6808543,1640,63227.86724
1652,140.5905139,1641,63368.45776
1653,40.74253107,1642,63409.20029
1654,-171.8300491,1643,63237.37024
1655,26.09978576,1644,63263.47002
1656,-299.8047267,1645,62963.6653
1657,385.7382511,1646,63349.40355
1658,-157.7986684,1647,63191.60488
1659,88.57392831,1648,63280.17881
1660,30.41297449,1649,63310.59178
1661,-227.2690655,1650,63083.32272
1662,-210.5169386,1651,62872.80578
1663,320.4288653,1652,63193.23464
1664,172.5654359,1653,63365.80008
1665,522.1015242,1654,63887.9016
1666,532.2752863,1655,64420.17689
1667,-123.6405555,1656,64296.53633
1668,318.0740389,1657,64614.61037
1669,62.4437586,1658,64677.05413
1670,401.2204643,1659,65078.2746
1671,-146.6705947,1660,64931.604
1672,-115.4827024,1661,64816.1213
1673,-173.4807345,1662,64642.64056
1674,-18.38370724,1663,64624.25686
1675,-165.7376898,1664,64458.51917
1676,-444.0573394,1665,64014.46183
1677,445.6711617,1666,64460.13299
1678,4.360967986,1667,64464.49396
1679,118.4773666,1668,64582.97132
1680,1074.096807,1669,65657.06813
1681,1043.272067,1670,66700.3402
1682,-96.75470601,1671,66603.58549
1683,476.9299238,1672,67080.51542
1684,-162.0404488,1673,66918.47497
1685,239.3934109,1674,67157.86838
1686,68.35851202,1675,67226.22689
1687,8.004718552,1676,67234.23161
1688,255.0851727,1677,67489.31678
1689,-552.2229282,1678,66937.09385
1690,-774.7852838,1679,66162.30857
1691,-250.4355267,1680,65911.87304
1692,140.2702281,1681,66052.14327
1693,728.5719194,1682,66780.71519
1694,38.99045965,1683,66819.70565
1695,-110.6872081,1684,66709.01844
1696,-62.10254178,1685,66646.9159
1697,-140.884385,1686,66506.03152
1698,76.56551246,1687,66582.59703
1699,1048.76358,1688,67631.36061
1700,-117.3590059,1689,67514.0016
1701,-268.2460086,1690,67245.75559
1702,5.986090126,1691,67251.74168
1703,1259.460274,1692,68511.20196
1704,-50.15205081,1693,68461.04991
1705,-133.1662734,1694,68327.88363
1706,170.511158,1695,68498.39479
1707,10.18630039,1696,68508.58109
1708,442.4703032,1697,68951.05139
1709,109.4858169,1698,69060.53721
1710,73.63662354,1699,69134.17383
1711,262.6274746,1700,69396.80131
1712,-187.4363406,1701,69209.36497
1713,-146.0479021,1702,69063.31707
1714,186.4697618,1703,69249.78683
1715,-114.9942693,1704,69134.79256
1716,24.29984309,1705,69159.0924
1717,-604.6269862,1706,68554.46542
1718,96.88302495,1707,68651.34844
1719,968.2802977,1708,69619.62874
1720,1261.623346,1709,70881.25208
1721,405.0706087,1710,71286.32269
1722,591.3472873,1711,71877.66998
1723,-396.7255702,1712,71480.94441
1724,760.5131292,1713,72241.45754
1725,141.9081088,1714,72383.36565
1726,-581.2424584,1715,71802.12319
1727,908.800635,1716,72710.92383
1728,-196.0611328,1717,72514.86269
1729,-219.1609387,1718,72295.70175
1730,126.4142203,1719,72422.11597
1731,91.33369529,1720,72513.44967
1732,-292.4092242,1721,72221.04045
1733,-72.79406541,1722,72148.24638
1734,-375.1678798,1723,71773.0785
1735,120.0911228,1724,71893.16962
1736,-69.78884084,1725,71823.38078
1737,-94.13273178,1726,71729.24805
1738,-157.6560745,1727,71571.59198
1739,-56.84842345,1728,71514.74355
1740,896.9224575,1729,72411.66601
1741,424.0019784,1730,72835.66799
1742,-1473.216157,1731,71362.45183
1743,78.10754086,1732,71440.55937
1744,453.7771623,1733,71894.33653
1745,-872.6136907,1734,71021.72284
1746,-171.892056,1735,70849.83079
1747,337.2275967,1736,71187.05838
1748,977.4318324,1737,72164.49022
1749,244.8558565,1738,72409.34607
1750,-528.933043,1739,71880.41303
1751,-31.37088209,1740,71849.04215
1752,13.6913484,1741,71862.7335
1753,81.5898707,1742,71944.32337
1754,-91.83887154,1743,71852.4845
1755,-336.8889164,1744,71515.59558
1756,-666.1936941,1745,70849.40189
1757,281.1786949,1746,71130.58058
1758,101.7203574,1747,71232.30094
1759,-255.7585248,1748,70976.54241
1760,-104.5726138,1749,70871.9698
1761,-360.068589,1750,70511.90121
1762,168.2961687,1751,70680.19738
1763,259.3553595,1752,70939.55274
1764,-295.3819454,1753,70644.17079
1765,57.92865491,1754,70702.09945
1766,-307.8859755,1755,70394.21347
1767,71.06979991,1756,70465.28327
1768,-168.3101899,1757,70296.97308
1769,318.9471082,1758,70615.92019
1770,1247.442669,1759,71863.36286
1771,223.1319356,1760,72086.49479
1772,-250.2203704,1761,71836.27442
1773,-326.925519,1762,71509.34891
1774,-84.64729594,1763,71424.70161
1775,99.54800343,1764,71524.24961
1776,-93.24535677,1765,71431.00426
1777,-94.52454773,1766,71336.47971
1778,104.6509667,1767,71441.13067
1779,-250.4943013,1768,71190.63637
1780,111.2058776,1769,71301.84225
1781,175.1025346,1770,71476.94479
1782,-435.2336213,1771,71041.71116
1783,325.1844781,1772,71366.89564
1784,-21.83348702,1773,71345.06216
1785,-69.55237637,1774,71275.50978
1786,202.7116425,1775,71478.22142
1787,362.0711229,1776,71840.29254
1788,115.370962,1777,71955.66351
1789,140.5017229,1778,72096.16523
1790,45.69528682,1779,72141.86052
1791,-214.118569,1780,71927.74195
1792,17.78643907,1781,71945.52839
1793,-402.4588504,1782,71543.06954
1794,-243.6242548,1783,71299.44528
1795,94.59699577,1784,71394.04228
1796,38.08809638,1785,71432.13037
1797,307.3294928,1786,71739.45987
1798,706.0789934,1787,72445.53886
1799,-370.4987878,1788,72075.04007
1800,853.366508,1789,72928.40658
1801,-361.3527236,1790,72567.05386
1802,250.7980576,1791,72817.85191
1803,-160.3566889,1792,72657.49523
1804,-411.8418639,1793,72245.65336
1805,213.5168518,1794,72459.17021
1806,579.0169114,1795,73038.18712
1807,82.31547339,1796,73120.5026
1808,93.20314543,1797,73213.70574
1809,1081.022617,1798,74294.72836
1810,-336.2295952,1799,73958.49876
1811,131.8968627,1800,74090.39563
1812,-250.0475438,1801,73840.34808
1813,-112.7621851,1802,73727.5859
1814,-177.7182143,1803,73549.86768
1815,-175.1951039,1804,73374.67258
1816,-145.1241917,1805,73229.54839
1817,82.61557609,1806,73312.16397
1818,56.14910731,1807,73368.31307
1819,-230.1964802,1808,73138.11659
1820,86.15713979,1809,73224.27373
1821,482.8867375,1810,73707.16047
1822,350.971882,1811,74058.13235
1823,-91.22387628,1812,73966.90848
1824,744.1800976,1813,74711.08857
1825,-5.931243006,1814,74705.15733
1826,503.7042402,1815,75208.86157
1827,-63.24644278,1816,75145.61513
1828,4.538569989,1817,75150.1537
1829,-357.6759224,1818,74792.47777
1830,-72.76775873,1819,74719.71002
1831,-333.774762,1820,74385.93525
1832,-403.3352895,1821,73982.59996
1833,-47.19340484,1822,73935.40656
1834,82.9801988,1823,74018.38676
1835,70.88946728,1824,74089.27623
1836,817.7934682,1825,74907.06969
1837,13.30073596,1826,74920.37043
1838,-28.95835124,1827,74891.41208
1839,156.9261825,1828,75048.33826
1840,190.6282405,1829,75238.9665
1841,-36.21815331,1830,75202.74835
1842,-240.2053528,1831,74962.543
1843,4.771806025,1832,74967.3148
1844,-111.3119975,1833,74856.0028
1845,258.8896455,1834,75114.89245
1846,67.77166713,1835,75182.66412
1847,-1211.058323,1836,73971.60579
1848,-929.3111545,1837,73042.29464
1849,203.0058401,1838,73245.30048
1850,-190.0873108,1839,73055.21317
1851,107.4486002,1840,73162.66177
1852,-444.1191078,1841,72718.54266
1853,2599.574363,1842,75318.11702
1854,-193.5742615,1843,75124.54276
1855,260.8042006,1844,75385.34696
1856,-420.4122285,1845,74964.93473
1857,284.3113341,1846,75249.24607
1858,-76.40192573,1847,75172.84414
1859,97.19133238,1848,75270.03548
1860,163.9844172,1849,75434.01989
1861,664.2312875,1850,76098.25118
1862,19.67440299,1851,76117.92558
1863,30.63123207,1852,76148.55681
1864,63.50323515,1853,76212.06005
1865,520.8133189,1854,76732.87337
1866,-194.2466605,1855,76538.62671
1867,-45.00572763,1856,76493.62098
1868,4.901935058,1857,76498.52292
1869,-267.0551451,1858,76231.46777
1870,-170.9859209,1859,76060.48185
1871,-162.7181984,1860,75897.76365
1872,57.07849821,1861,75954.84215
1873,180.0871456,1862,76134.9293
1874,442.4183093,1863,76577.3476
1875,591.1616005,1864,77168.50921
1876,-211.7820584,1865,76956.72715
1877,963.5047063,1866,77920.23185
1878,-59.78929962,1867,77860.44255
1879,-210.518171,1868,77649.92438
1880,97.19763785,1869,77747.12202
1881,-905.5928502,1870,76841.52917
1882,-93.56934226,1871,76747.95983
1883,-154.9047512,1872,76593.05508
1884,-149.2502058,1873,76443.80487
1885,-220.6390244,1874,76223.16585
1886,-59.94127246,1875,76163.22457
1887,-331.8983136,1876,75831.32626
1888,483.9443193,1877,76315.27058
1889,51.33102544,1878,76366.60161
1890,197.4431465,1879,76564.04475
1891,-47.15404991,1880,76516.8907
1892,-266.164443,1881,76250.72626
1893,-222.7999927,1882,76027.92627
1894,698.3064528,1883,76726.23272
1895,47.20252278,1884,76773.43524
1896,-48.72860988,1885,76724.70663
1897,168.7590214,1886,76893.46565
1898,428.7700085,1887,77322.23566
1899,-276.2304798,1888,77046.00518
1900,-8.370949112,1889,77037.63423
1901,-90.24428363,1890,76947.38995
1902,124.137611,1891,77071.52756
1903,110.3797708,1892,77181.90733
1904,214.8777722,1893,77396.7851
1905,-440.6965145,1894,76956.08859
1906,181.5125723,1895,77137.60116
1907,-315.507062,1896,76822.0941
1908,566.560746,1897,77388.65485
1909,37.06186109,1898,77425.71671
1910,-92.76424285,1899,77332.95246
1911,-290.1652899,1900,77042.78717
1912,3.774052154,1901,77046.56123
1913,-37.06131314,1902,77009.49991
1914,39.64148733,1903,77049.1414
1915,9.329576845,1904,77058.47098
1916,145.0136873,1905,77203.48466
1917,182.9555283,1906,77386.44019
1918,-158.1049042,1907,77228.33529
1919,-390.0497882,1908,76838.2855
1920,-28.04383462,1909,76810.24167
1921,-339.2779129,1910,76470.96375
1922,-25.34169388,1911,76445.62206
1923,758.7661894,1912,77204.38825
1924,122.4622514,1913,77326.8505
1925,-176.9639477,1914,77149.88655
1926,129.9099955,1915,77279.79655
1927,-51.79972923,1916,77227.99682
1928,-22.80696475,1917,77205.18985
1929,27.48375844,1918,77232.67361
1930,-1807.743505,1919,75424.93011
1931,-465.7683684,1920,74959.16174
1932,-35.39172556,1921,74923.77001
1933,-50.88587088,1922,74872.88414
1934,180.9207797,1923,75053.80492
1935,-76.02886591,1924,74977.77605
1936,-300.6234733,1925,74677.15258
1937,946.5298028,1926,75623.68238
1938,974.6854456,1927,76598.36783
1939,276.9748594,1928,76875.34269
1940,122.3608942,1929,76997.70358
1941,-191.0023977,1930,76806.70119
1942,-237.3319542,1931,76569.36923
1943,32.48968339,1932,76601.85892
1944,-159.2764453,1933,76442.58247
1945,-903.6296067,1934,75538.95286
1946,983.8943068,1935,76522.84717
1947,180.0485805,1936,76702.89575
1948,-32.92987051,1937,76669.96588
1949,-166.5398389,1938,76503.42604
1950,2548.51547,1939,79051.94151
1951,1685.975961,1940,80737.91747
1952,-923.2173706,1941,79814.7001
1953,48.93198002,1942,79863.63208
1954,873.8446363,1943,80737.47672
1955,-714.748099,1944,80022.72862
1956,-209.8137359,1945,79812.91488
1957,376.7616776,1946,80189.67656
1958,79.20139145,1947,80268.87795
1959,-184.8342344,1948,80084.04372
1960,-3.818550957,1949,80080.22517
1961,219.726685,1950,80299.95185
1962,-36.71215407,1951,80263.2397
1963,-354.9181185,1952,79908.32158
1964,244.7764499,1953,80153.09803
1965,135.7914376,1954,80288.88947
1966,-123.8106093,1955,80165.07886
1967,62.33200453,1956,80227.41086
1968,281.9691814,1957,80509.38004
1969,970.4500884,1958,81479.83013
1970,-154.3324592,1959,81325.49767
1971,-87.68180742,1960,81237.81586
1972,417.222633,1961,81655.0385
1973,1019.717276,1962,82674.75577
1974,-104.7725272,1963,82569.98325
1975,-71.33252468,1964,82498.65072
1976,-197.7235614,1965,82300.92716
1977,40.21815508,1966,82341.14531
1978,5.836049963,1967,82346.98136
1979,4.066279438,1968,82351.04764
1980,-557.9791914,1969,81793.06845
1981,70.88221394,1970,81863.95067
1982,24.28525238,1971,81888.23592
1983,207.2757236,1972,82095.51164
1984,-65.42014825,1973,82030.09149
1985,-525.681126,1974,81504.41037
1986,215.6824506,1975,81720.09282
1987,771.189257,1976,82491.28208
1988,-239.9394058,1977,82251.34267
1989,278.719446,1978,82530.06212
1990,-490.788622,1979,82039.27349
1991,-80.44871151,1980,81958.82478
1992,-30.4130508,1981,81928.41173
1993,962.3991856,1982,82890.81092
1994,-384.5411218,1983,82506.2698
1995,1280.959594,1984,83787.22939
1996,53.01177139,1985,83840.24116
1997,15.47252258,1986,83855.71368
1998,-74.40456023,1987,83781.30912
1999,172.1530201,1988,83953.46214
2000,-149.5608278,1989,83803.90132
2001,305.3413261,1990,84109.24264
2002,-168.934385,1991,83940.30826
2003,825.5888708,1992,84765.89713
2004,-402.5337496,1993,84363.36338
2005,-214.4899803,1994,84148.8734
2006,-1.587040627,1995,84147.28636
2007,234.1217426,1996,84381.4081
2008,-391.2928011,1997,83990.1153
2009,-108.8465974,1998,83881.2687
2010,255.2943837,1999,84136.56309
2011,55.03988804,2000,84191.60297
2012,-261.4347854,2001,83930.16819
2013,-635.3090457,2002,83294.85914
2014,2.237905447,2003,83297.09705
2015,-42.1666125,2004,83254.93043
2016,24.45539053,2005,83279.38583
2017,-68.98577019,2006,83210.40006
2018,-102.8016121,2007,83107.59844
2019,-213.3949609,2008,82894.20348
2020,88.18502148,2009,82982.3885
2021,304.7179376,2010,83287.10644
2022,-198.1700846,2011,83088.93636
2023,349.4103651,2012,83438.34672
2024,112.6519699,2013,83550.99869
2025,294.6660695,2014,83845.66476
2026,-46.32528278,2015,83799.33948
2027,-51.64913171,2016,83747.69035
2028,120.3034151,2017,83867.99376
2029,-35.34076572,2018,83832.653
2030,520.1670048,2019,84352.82
2031,40.45691505,2020,84393.27692
2032,758.1049405,2021,85151.38186
2033,248.8020465,2022,85400.1839
2034,-94.87649057,2023,85305.30741
2035,163.6210552,2024,85468.92847
2036,810.9715682,2025,86279.90004
2037,263.7671789,2026,86543.66721
2038,18.16630197,2027,86561.83352
2039,511.3103648,2028,87073.14388
2040,-376.5678471,2029,86696.57603
2041,-600.982412,2030,86095.59362
2042,-375.684559,2031,85719.90906
2043,-429.6181252,2032,85290.29094
2044,-443.0688198,2033,84847.22212
2045,113.0324164,2034,84960.25453
2046,-48.92722864,2035,84911.32731
2047,-121.8730029,2036,84789.4543
2048,432.371768,2037,85221.82607
2049,980.0600458,2038,86201.88612
2050,61.5205496,2039,86263.40667
2051,242.4644175,2040,86505.87108
2052,126.9808509,2041,86632.85194
2053,1747.696946,2042,88380.54888
2054,-59.01698921,2043,88321.53189
2055,-109.4862342,2044,88212.04566
2056,1184.507043,2045,89396.5527
2057,-731.0609987,2046,88665.4917
2058,130.3375261,2047,88795.82923
2059,-1500.761131,2048,87295.0681
2060,178.0773061,2049,87473.1454
2061,-177.0256989,2050,87296.1197
2062,109.881531,2051,87406.00123
2063,171.2819055,2052,87577.28314
2064,-138.4693075,2053,87438.81383
2065,-235.7689337,2054,87203.0449
2066,314.4068101,2055,87517.45171
2067,382.4302453,2056,87899.88195
2068,-420.5297478,2057,87479.35221
2069,-242.8403364,2058,87236.51187
2070,893.1802478,2059,88129.69212
2071,-215.4624209,2060,87914.2297
2072,331.4725315,2061,88245.70223
2073,-369.7627424,2062,87875.93949
2074,-469.840702,2063,87406.09878
2075,360.0766475,2064,87766.17543
2076,526.9264786,2065,88293.10191
2077,1058.091866,2066,89351.19378
2078,150.4547063,2067,89501.64848
2079,-387.9922687,2068,89113.65621
2080,111.7382537,2069,89225.39447
2081,193.7911015,2070,89419.18557
2082,4.491522545,2071,89423.67709
2083,-163.8180368,2072,89259.85906
2084,14.16033012,2073,89274.01939
2085,78.0928117,2074,89352.1122
2086,232.5629066,2075,89584.6751
2087,-82.04155459,2076,89502.63355
2088,20.90116156,2077,89523.53471
2089,52.46697523,2078,89576.00169
2090,-309.4588792,2079,89266.54281
2091,132.3931501,2080,89398.93596
2092,-152.6824018,2081,89246.25356
2093,-119.2466362,2082,89127.00692
2094,184.6042365,2083,89311.61116
2095,1014.480451,2084,90326.09161
2096,636.1612318,2085,90962.25284
2097,-173.2851829,2086,90788.96766
2098,54.01344105,2087,90842.9811
2099,-63.7492099,2088,90779.23189
2100,45.21004491,2089,90824.44193
2101,628.5204628,2090,91452.96239
2102,76.95013723,2091,91529.91253
2103,13.51224193,2092,91543.42477
2104,27.32807083,2093,91570.75284
2105,-264.1818382,2094,91306.57101
2106,916.7166301,2095,92223.28764
2107,70.09300986,2096,92293.38065
2108,-161.8985345,2097,92131.48211
2109,62.60574143,2098,92194.08785
2110,-199.8575421,2099,91994.23031
2111,-167.2911948,2100,91826.93912
2112,-278.510088,2101,91548.42903
2113,-167.258616,2102,91381.17041
2114,-83.46596557,2103,91297.70445
2115,342.285047,2104,91639.98949
2116,-305.230311,2105,91334.75918
2117,2342.071585,2106,93676.83077
2118,-211.3540855,2107,93465.47668
2119,710.3824569,2108,94175.85914
2120,210.7279429,2109,94386.58708
2121,546.0617555,2110,94932.64884
2122,-407.0947767,2111,94525.55406
2123,-26.63923945,2112,94498.91482
2124,-109.822312,2113,94389.09251
2125,-320.4394244,2114,94068.65308
2126,-317.4255093,2115,93751.22758
2127,-216.3179464,2116,93534.90963
2128,1242.113766,2117,94777.02339
2129,69.80563221,2118,94846.82903
2130,-8.893910788,2119,94837.93512
2131,205.6517112,2120,95043.58683
2132,91.01394548,2121,95134.60077
